Path,URL,Size in bytes (optional but recommended),MD5 Hash (optional but recommended),Filter Terms (optional),Overwrite (optional),Comments (optional)
docs/N64/Manuals/007 - The World is Not Enough.pdf,https://archive.org/download/mister-manuals/1996_Nintendo%2064.zip/1996_Nintendo%2064%2F007%20-%20The%20World%20is%20Not%20Enough.pdf,2841172,c5b269f4572d9ea0679b013bd8dadb42,,,007 - The World is Not Enough.pdf
docs/N64/Manuals/1080 Snowboarding.pdf,https://archive.org/download/mister-manuals/1996_Nintendo%2064.zip/1996_Nintendo%2064%2F1080%20Snowboarding.pdf,4217777,aba1fd8dcf481f402226869cca37480e,,,1080 Snowboarding.pdf
docs/N64/Manuals/Aero Fighters Assault.pdf,https://archive.org/download/mister-manuals/1996_Nintendo%2064.zip/1996_Nintendo%2064%2FAero%20Fighters%20Assault.pdf,3870572,4a4ac74b76df512ba9c300ea4999338f,,,Aero Fighters Assault.pdf
docs/N64/Manuals/Aero Gauge.pdf,https://archive.org/download/mister-manuals/1996_Nintendo%2064.zip/1996_Nintendo%2064%2FAero%20Gauge.pdf,3803704,e85e665355a25a727c123d22a14f448b,,,Aero Gauge.pdf
docs/N64/Manuals/Aidyn Chronicles - The First Mage.pdf,https://archive.org/download/mister-manuals/1996_Nintendo%2064.zip/1996_Nintendo%2064%2FAidyn%20Chronicles%20-%20The%20First%20Mage.pdf,3098848,3f678bc60c3d0d3a21cc37b66a95e399,,,Aidyn Chronicles - The First Mage.pdf
docs/N64/Manuals/All Star Tennis 99.pdf,https://archive.org/download/mister-manuals/1996_Nintendo%2064.zip/1996_Nintendo%2064%2FAll%20Star%20Tennis%2099.pdf,1844264,a8c6f8d22bcf83644b92d3654701de46,,,All Star Tennis 99.pdf
docs/N64/Manuals/All-Star Baseball 2000.pdf,https://archive.org/download/mister-manuals/1996_Nintendo%2064.zip/1996_Nintendo%2064%2FAll-Star%20Baseball%202000.pdf,3893946,7a3feeaaf028df695df65e1c5c935ebb,,,All-Star Baseball 2000.pdf
docs/N64/Manuals/All-Star Baseball 99.pdf,https://archive.org/download/mister-manuals/1996_Nintendo%2064.zip/1996_Nintendo%2064%2FAll-Star%20Baseball%2099.pdf,2948148,8b0bb5254e3c3ee92c353825ee0bca28,,,All-Star Baseball 99.pdf
docs/N64/Manuals/All-Star-Baseball 2001.pdf,https://archive.org/download/mister-manuals/1996_Nintendo%2064.zip/1996_Nintendo%2064%2FAll-Star-Baseball%202001.pdf,4953136,86d0c3ed03a57d4b290198c205fec555,,,All-Star-Baseball 2001.pdf
docs/N64/Manuals/Armorines - Project S.W.A.R.M..pdf,https://archive.org/download/mister-manuals/1996_Nintendo%2064.zip/1996_Nintendo%2064%2FArmorines%20-%20Project%20S.W.A.R.M..pdf,1900290,2c29549f31e99271985c2de93b074227,,,Armorines - Project S.W.A.R.M..pdf
docs/N64/Manuals/Army Men - Air Combat.pdf,https://archive.org/download/mister-manuals/1996_Nintendo%2064.zip/1996_Nintendo%2064%2FArmy%20Men%20-%20Air%20Combat.pdf,3344568,577c6b1a11c8d707bee7653dc3687539,,,Army Men - Air Combat.pdf
docs/N64/Manuals/Army Men - Sarge_s Heroes .pdf,https://archive.org/download/mister-manuals/1996_Nintendo%2064.zip/1996_Nintendo%2064%2FArmy%20Men%20-%20Sarge_s%20Heroes%20.pdf,2974435,f72d63983777cf892282b423525f7275,,,Army Men - Sarge_s Heroes .pdf
docs/N64/Manuals/Army Men - Sarge_s Heroes 2.pdf,https://archive.org/download/mister-manuals/1996_Nintendo%2064.zip/1996_Nintendo%2064%2FArmy%20Men%20-%20Sarge_s%20Heroes%202.pdf,4746313,7a726ecd0864467ad0cbdc264e7c08cb,,,Army Men - Sarge_s Heroes 2.pdf
docs/N64/Manuals/Asteroids Hyper 64.pdf,https://archive.org/download/mister-manuals/1996_Nintendo%2064.zip/1996_Nintendo%2064%2FAsteroids%20Hyper%2064.pdf,2953382,12ec51143e379e4fd1c48f1a9d7f0ea9,,,Asteroids Hyper 64.pdf
docs/N64/Manuals/Automobili Lamborghini.pdf,https://archive.org/download/mister-manuals/1996_Nintendo%2064.zip/1996_Nintendo%2064%2FAutomobili%20Lamborghini.pdf,1599543,3c2aaefaf9ff92430c26f607c5d82e93,,,Automobili Lamborghini.pdf
docs/N64/Manuals/Banjo-Kazooie.pdf,https://archive.org/download/mister-manuals/1996_Nintendo%2064.zip/1996_Nintendo%2064%2FBanjo-Kazooie.pdf,2680896,0d81731e5a21ee0bcf769f1b9c22fd15,,,Banjo-Kazooie.pdf
docs/N64/Manuals/Banjo-Tooie.pdf,https://archive.org/download/mister-manuals/1996_Nintendo%2064.zip/1996_Nintendo%2064%2FBanjo-Tooie.pdf,3000921,9b930c96513877cdc27b7492617b8177,,,Banjo-Tooie.pdf
docs/N64/Manuals/Bass Hunter 64.pdf,https://archive.org/download/mister-manuals/1996_Nintendo%2064.zip/1996_Nintendo%2064%2FBass%20Hunter%2064.pdf,3019370,a2cedd2adfb6e9787cfd6c239875747b,,,Bass Hunter 64.pdf
docs/N64/Manuals/Bass Masters 2000.pdf,https://archive.org/download/mister-manuals/1996_Nintendo%2064.zip/1996_Nintendo%2064%2FBass%20Masters%202000.pdf,4002609,1a3f3dba4cdb43a90dbb5b2f76e51888,,,Bass Masters 2000.pdf
docs/N64/Manuals/Batman Beyond - Return of the Joker.pdf,https://archive.org/download/mister-manuals/1996_Nintendo%2064.zip/1996_Nintendo%2064%2FBatman%20Beyond%20-%20Return%20of%20the%20Joker.pdf,4304941,af6e64a5a649c0f8338e84a4d422f0c6,,,Batman Beyond - Return of the Joker.pdf
docs/N64/Manuals/BattleTanx - Global Assault.pdf,https://archive.org/download/mister-manuals/1996_Nintendo%2064.zip/1996_Nintendo%2064%2FBattleTanx%20-%20Global%20Assault.pdf,3695005,a99cce0f72ab87bce826d2379c1d7e26,,,BattleTanx - Global Assault.pdf
docs/N64/Manuals/BattleTanx .pdf,https://archive.org/download/mister-manuals/1996_Nintendo%2064.zip/1996_Nintendo%2064%2FBattleTanx%20.pdf,3875191,05755aaa5f6a5a9b081f4438b3162d8a,,,BattleTanx .pdf
docs/N64/Manuals/Battlezone - Rise of the Black Dogs.pdf,https://archive.org/download/mister-manuals/1996_Nintendo%2064.zip/1996_Nintendo%2064%2FBattlezone%20-%20Rise%20of%20the%20Black%20Dogs.pdf,2960426,d463621dc0ece3ab8cac8e81d2d6917d,,,Battlezone - Rise of the Black Dogs.pdf
docs/N64/Manuals/Beetle Adventure Racing!.pdf,https://archive.org/download/mister-manuals/1996_Nintendo%2064.zip/1996_Nintendo%2064%2FBeetle%20Adventure%20Racing%21.pdf,2251777,e7cebe9902af7ec1e1293b7c7c84ae0e,,,Beetle Adventure Racing!.pdf
docs/N64/Manuals/Big Mountain 2000.pdf,https://archive.org/download/mister-manuals/1996_Nintendo%2064.zip/1996_Nintendo%2064%2FBig%20Mountain%202000.pdf,2381352,673ca81e01923a5a8cfad8193f4b4ca2,,,Big Mountain 2000.pdf
docs/N64/Manuals/Bio F.R.E.A.K.S..pdf,https://archive.org/download/mister-manuals/1996_Nintendo%2064.zip/1996_Nintendo%2064%2FBio%20F.R.E.A.K.S..pdf,3649932,a58809e20ec7a004ccd1e11f099a4ee7,,,Bio F.R.E.A.K.S..pdf
docs/N64/Manuals/Blast Corps.pdf,https://archive.org/download/mister-manuals/1996_Nintendo%2064.zip/1996_Nintendo%2064%2FBlast%20Corps.pdf,5002010,fdfd958cd8225ee8bfd822add61df5d6,,,Blast Corps.pdf
docs/N64/Manuals/Blues Brothers 2000.pdf,https://archive.org/download/mister-manuals/1996_Nintendo%2064.zip/1996_Nintendo%2064%2FBlues%20Brothers%202000.pdf,3104124,ecce5444e14f30394987b2a8bdd0f821,,,Blues Brothers 2000.pdf
docs/N64/Manuals/Body Harvest.pdf,https://archive.org/download/mister-manuals/1996_Nintendo%2064.zip/1996_Nintendo%2064%2FBody%20Harvest.pdf,1969380,8f1ddf71860c80a9af6ae857cdd7eef0,,,Body Harvest.pdf
docs/N64/Manuals/Bomberman 64 - The Second Attack.pdf,https://archive.org/download/mister-manuals/1996_Nintendo%2064.zip/1996_Nintendo%2064%2FBomberman%2064%20-%20The%20Second%20Attack.pdf,5062214,7a11cc3536d387f6bafff5cdb4555eb6,,,Bomberman 64 - The Second Attack.pdf
docs/N64/Manuals/Bomberman 64 .pdf,https://archive.org/download/mister-manuals/1996_Nintendo%2064.zip/1996_Nintendo%2064%2FBomberman%2064%20.pdf,3408294,d7a324874ce1c61d94deefe809edb200,,,Bomberman 64 .pdf
docs/N64/Manuals/Bomberman Hero.pdf,https://archive.org/download/mister-manuals/1996_Nintendo%2064.zip/1996_Nintendo%2064%2FBomberman%20Hero.pdf,3423513,456d7a0137a3b4d910cef1f755646226,,,Bomberman Hero.pdf
docs/N64/Manuals/Bottom of the 9th.pdf,https://archive.org/download/mister-manuals/1996_Nintendo%2064.zip/1996_Nintendo%2064%2FBottom%20of%20the%209th.pdf,4304311,28ec4b9446bd0d8c0b3445425246f146,,,Bottom of the 9th.pdf
docs/N64/Manuals/Brunswick Circuit Pro Bowling.pdf,https://archive.org/download/mister-manuals/1996_Nintendo%2064.zip/1996_Nintendo%2064%2FBrunswick%20Circuit%20Pro%20Bowling.pdf,3891290,99baa7deda84fce9a37d22e6925a0e02,,,Brunswick Circuit Pro Bowling.pdf
docs/N64/Manuals/Buck Bumble.pdf,https://archive.org/download/mister-manuals/1996_Nintendo%2064.zip/1996_Nintendo%2064%2FBuck%20Bumble.pdf,3343601,a376a252bc118d44393b7668ee2c9f60,,,Buck Bumble.pdf
docs/N64/Manuals/Bust-A-Move 2 - Arcade Edition.pdf,https://archive.org/download/mister-manuals/1996_Nintendo%2064.zip/1996_Nintendo%2064%2FBust-A-Move%202%20-%20Arcade%20Edition.pdf,2043334,2af1627f3db05c3caf1ffe98ee6dc9c6,,,Bust-A-Move 2 - Arcade Edition.pdf
docs/N64/Manuals/Bust-A-Move _99.pdf,https://archive.org/download/mister-manuals/1996_Nintendo%2064.zip/1996_Nintendo%2064%2FBust-A-Move%20_99.pdf,2500251,3503a5d2e74953fabdaca1449d46b80e,,,Bust-A-Move _99.pdf
docs/N64/Manuals/California Speed.pdf,https://archive.org/download/mister-manuals/1996_Nintendo%2064.zip/1996_Nintendo%2064%2FCalifornia%20Speed.pdf,1956563,09e1cfbf33ccb7cd12ab9c3eab74340b,,,California Speed.pdf
docs/N64/Manuals/Carmageddon 64.pdf,https://archive.org/download/mister-manuals/1996_Nintendo%2064.zip/1996_Nintendo%2064%2FCarmageddon%2064.pdf,3604185,f644e41986f92b48fa4911d2c577ccd6,,,Carmageddon 64.pdf
docs/N64/Manuals/Castlevania - Legacy of Darkness.pdf,https://archive.org/download/mister-manuals/1996_Nintendo%2064.zip/1996_Nintendo%2064%2FCastlevania%20-%20Legacy%20of%20Darkness.pdf,4928560,b13ec24ac95e90856cbc4d79e338a2e2,,,Castlevania - Legacy of Darkness.pdf
docs/N64/Manuals/Castlevania .pdf,https://archive.org/download/mister-manuals/1996_Nintendo%2064.zip/1996_Nintendo%2064%2FCastlevania%20.pdf,2532826,2703dd5d63a0b485c1143e5d04e157e9,,,Castlevania .pdf
docs/N64/Manuals/Chameleon Twist .pdf,https://archive.org/download/mister-manuals/1996_Nintendo%2064.zip/1996_Nintendo%2064%2FChameleon%20Twist%20.pdf,2087469,834869cc55dd00b100feb97f42de28b3,,,Chameleon Twist .pdf
docs/N64/Manuals/Chameleon Twist 2.pdf,https://archive.org/download/mister-manuals/1996_Nintendo%2064.zip/1996_Nintendo%2064%2FChameleon%20Twist%202.pdf,4773509,64c820408ad4697f700dcb8f80bd31ea,,,Chameleon Twist 2.pdf
docs/N64/Manuals/Charlie Blast_s Territory.pdf,https://archive.org/download/mister-manuals/1996_Nintendo%2064.zip/1996_Nintendo%2064%2FCharlie%20Blast_s%20Territory.pdf,4324495,f98d2a330d1b379d1d1fd9a6a2ed04cf,,,Charlie Blast_s Territory.pdf
docs/N64/Manuals/Chopper Attack.pdf,https://archive.org/download/mister-manuals/1996_Nintendo%2064.zip/1996_Nintendo%2064%2FChopper%20Attack.pdf,2847040,d33a9f225ea99f0110286da03135c776,,,Chopper Attack.pdf
docs/N64/Manuals/Clay Fighter - Sculptor_s Cut.pdf,https://archive.org/download/mister-manuals/1996_Nintendo%2064.zip/1996_Nintendo%2064%2FClay%20Fighter%20-%20Sculptor_s%20Cut.pdf,3254798,080ca75639287ceeae1109b6ea0f198f,,,Clay Fighter - Sculptor_s Cut.pdf
docs/N64/Manuals/Clay Fighter 63 1-3.pdf,https://archive.org/download/mister-manuals/1996_Nintendo%2064.zip/1996_Nintendo%2064%2FClay%20Fighter%2063%201-3.pdf,2200257,50c45672763cba35acef40ea2d1e0eaa,,,Clay Fighter 63 1-3.pdf
docs/N64/Manuals/Command & Conquer.pdf,https://archive.org/download/mister-manuals/1996_Nintendo%2064.zip/1996_Nintendo%2064%2FCommand%20%26%20Conquer.pdf,3614346,8c24cc807325f4c78a2c6c53b2ed5874,,,Command & Conquer.pdf
docs/N64/Manuals/Conker_s Bad Fur Day.pdf,https://archive.org/download/mister-manuals/1996_Nintendo%2064.zip/1996_Nintendo%2064%2FConker_s%20Bad%20Fur%20Day.pdf,3530899,edf55841792191643c92bf3181c5f7fd,,,Conker_s Bad Fur Day.pdf
docs/N64/Manuals/Cruis_n Exotica.pdf,https://archive.org/download/mister-manuals/1996_Nintendo%2064.zip/1996_Nintendo%2064%2FCruis_n%20Exotica.pdf,4514680,27871d0a9b62f44a9c440091dd40f2f1,,,Cruis_n Exotica.pdf
docs/N64/Manuals/Cruis_n USA.pdf,https://archive.org/download/mister-manuals/1996_Nintendo%2064.zip/1996_Nintendo%2064%2FCruis_n%20USA.pdf,1566741,4d23d2e9a83f7cdbaa5f45e0a5e672b9,,,Cruis_n USA.pdf
docs/N64/Manuals/Cruis_n World.pdf,https://archive.org/download/mister-manuals/1996_Nintendo%2064.zip/1996_Nintendo%2064%2FCruis_n%20World.pdf,2320532,d9439f6da88a4759ef88f8b601fba5ff,,,Cruis_n World.pdf
docs/N64/Manuals/CyberTiger.pdf,https://archive.org/download/mister-manuals/1996_Nintendo%2064.zip/1996_Nintendo%2064%2FCyberTiger.pdf,3182574,8830d48034d2d34dc962b08eec155a3d,,,CyberTiger.pdf
docs/N64/Manuals/DOOM 64.pdf,https://archive.org/download/mister-manuals/1996_Nintendo%2064.zip/1996_Nintendo%2064%2FDOOM%2064.pdf,4360962,f484af0a1e12144738073d155dea34c3,,,DOOM 64.pdf
docs/N64/Manuals/Daikatana.pdf,https://archive.org/download/mister-manuals/1996_Nintendo%2064.zip/1996_Nintendo%2064%2FDaikatana.pdf,4273066,5ced244debf93f8543e7e9d2e9fd6815,,,Daikatana.pdf
docs/N64/Manuals/Dark Rift.pdf,https://archive.org/download/mister-manuals/1996_Nintendo%2064.zip/1996_Nintendo%2064%2FDark%20Rift.pdf,3552811,e422057466c7dddbcac53825fcb477c4,,,Dark Rift.pdf
docs/N64/Manuals/Deadly Arts.pdf,https://archive.org/download/mister-manuals/1996_Nintendo%2064.zip/1996_Nintendo%2064%2FDeadly%20Arts.pdf,3353513,c2cb808869d0134b43dd370f131e3419,,,Deadly Arts.pdf
docs/N64/Manuals/Destruction Derby 64.pdf,https://archive.org/download/mister-manuals/1996_Nintendo%2064.zip/1996_Nintendo%2064%2FDestruction%20Derby%2064.pdf,3570390,8d3c6efbdf66ddb913acc76cf31a2a9d,,,Destruction Derby 64.pdf
docs/N64/Manuals/Diddy Kong Racing.pdf,https://archive.org/download/mister-manuals/1996_Nintendo%2064.zip/1996_Nintendo%2064%2FDiddy%20Kong%20Racing.pdf,2967199,7672992713a8ee7dc791820f92fef686,,,Diddy Kong Racing.pdf
docs/N64/Manuals/Donald Duck - Goin_ Quackers.pdf,https://archive.org/download/mister-manuals/1996_Nintendo%2064.zip/1996_Nintendo%2064%2FDonald%20Duck%20-%20Goin_%20Quackers.pdf,4630767,bfd82f49ece7d149e25ac3e56992eeb9,,,Donald Duck - Goin_ Quackers.pdf
docs/N64/Manuals/Donkey Kong 64.pdf,https://archive.org/download/mister-manuals/1996_Nintendo%2064.zip/1996_Nintendo%2064%2FDonkey%20Kong%2064.pdf,3986941,e51cd41ded6ffd76baf2f4cde31c15f9,,,Donkey Kong 64.pdf
docs/N64/Manuals/Dr. Mario 64.pdf,https://archive.org/download/mister-manuals/1996_Nintendo%2064.zip/1996_Nintendo%2064%2FDr.%20Mario%2064.pdf,3355797,acfcaee75648444d81217dfc2314f91f,,,Dr. Mario 64.pdf
docs/N64/Manuals/Dual Heroes.pdf,https://archive.org/download/mister-manuals/1996_Nintendo%2064.zip/1996_Nintendo%2064%2FDual%20Heroes.pdf,3340868,3eee701ca736e94a79e8b6135a906c9d,,,Dual Heroes.pdf
docs/N64/Manuals/Duck Dodgers starring Daffy Duck.pdf,https://archive.org/download/mister-manuals/1996_Nintendo%2064.zip/1996_Nintendo%2064%2FDuck%20Dodgers%20starring%20Daffy%20Duck.pdf,3036386,d3712ebd3ecc732740f0c03216ac55cc,,,Duck Dodgers starring Daffy Duck.pdf
docs/N64/Manuals/Duke Nukem - Zero Hour.pdf,https://archive.org/download/mister-manuals/1996_Nintendo%2064.zip/1996_Nintendo%2064%2FDuke%20Nukem%20-%20Zero%20Hour.pdf,3803719,07c2a7c8f5a0767d7e18f0f6f8b77c30,,,Duke Nukem - Zero Hour.pdf
docs/N64/Manuals/Duke Nukem 64.pdf,https://archive.org/download/mister-manuals/1996_Nintendo%2064.zip/1996_Nintendo%2064%2FDuke%20Nukem%2064.pdf,4397873,913c1a3e2cd776254f2d55413149d229,,,Duke Nukem 64.pdf
docs/N64/Manuals/ECW Hardcore Revolution.pdf,https://archive.org/download/mister-manuals/1996_Nintendo%2064.zip/1996_Nintendo%2064%2FECW%20Hardcore%20Revolution.pdf,2883631,3011bdfd7fa79d30a12ca1e6750dab1b,,,ECW Hardcore Revolution.pdf
docs/N64/Manuals/Earthworm Jim 3D.pdf,https://archive.org/download/mister-manuals/1996_Nintendo%2064.zip/1996_Nintendo%2064%2FEarthworm%20Jim%203D.pdf,3620645,8714ccb1423c211cb38243afd569b0dc,,,Earthworm Jim 3D.pdf
docs/N64/Manuals/Excitebike 64.pdf,https://archive.org/download/mister-manuals/1996_Nintendo%2064.zip/1996_Nintendo%2064%2FExcitebike%2064.pdf,3151171,98046b1da38c51db5dfacb26406522ce,,,Excitebike 64.pdf
docs/N64/Manuals/Extreme-G .pdf,https://archive.org/download/mister-manuals/1996_Nintendo%2064.zip/1996_Nintendo%2064%2FExtreme-G%20.pdf,3382131,7824670789f2cadccecca8f23ce53795,,,Extreme-G .pdf
docs/N64/Manuals/Extreme-G XG2.pdf,https://archive.org/download/mister-manuals/1996_Nintendo%2064.zip/1996_Nintendo%2064%2FExtreme-G%20XG2.pdf,2533621,0e35bad054f958644b65fff08ca02bd2,,,Extreme-G XG2.pdf
docs/N64/Manuals/F-1 World Grand Prix .pdf,https://archive.org/download/mister-manuals/1996_Nintendo%2064.zip/1996_Nintendo%2064%2FF-1%20World%20Grand%20Prix%20.pdf,3072036,dcacf1452919620ec64d148902b2157e,,,F-1 World Grand Prix .pdf
docs/N64/Manuals/F-ZERO X.pdf,https://archive.org/download/mister-manuals/1996_Nintendo%2064.zip/1996_Nintendo%2064%2FF-ZERO%20X.pdf,4954059,6365f152ac637cbe3946ac0c62f91906,,,F-ZERO X.pdf
docs/N64/Manuals/F1 Pole Position 64.pdf,https://archive.org/download/mister-manuals/1996_Nintendo%2064.zip/1996_Nintendo%2064%2FF1%20Pole%20Position%2064.pdf,2894526,9df02118b354585031b13eb148e28324,,,F1 Pole Position 64.pdf
docs/N64/Manuals/FIFA - Road to World Cup 98.pdf,https://archive.org/download/mister-manuals/1996_Nintendo%2064.zip/1996_Nintendo%2064%2FFIFA%20-%20Road%20to%20World%20Cup%2098.pdf,2697198,d003f00373bf7fd51affcd5fa2d6f598,,,FIFA - Road to World Cup 98.pdf
docs/N64/Manuals/FIFA 99.pdf,https://archive.org/download/mister-manuals/1996_Nintendo%2064.zip/1996_Nintendo%2064%2FFIFA%2099.pdf,2469514,25ef0636622880b7e281cffbd5bc77a2,,,FIFA 99.pdf
docs/N64/Manuals/FIFA Soccer 64.pdf,https://archive.org/download/mister-manuals/1996_Nintendo%2064.zip/1996_Nintendo%2064%2FFIFA%20Soccer%2064.pdf,4329274,d26c0d223fd1a06fb0a2ed975286c6d5,,,FIFA Soccer 64.pdf
docs/N64/Manuals/FOX Sports College Hoops _99.pdf,https://archive.org/download/mister-manuals/1996_Nintendo%2064.zip/1996_Nintendo%2064%2FFOX%20Sports%20College%20Hoops%20_99.pdf,3366068,b8434955d84c6d27e74fb04483abd1a2,,,FOX Sports College Hoops _99.pdf
docs/N64/Manuals/Fighter Destiny 2.pdf,https://archive.org/download/mister-manuals/1996_Nintendo%2064.zip/1996_Nintendo%2064%2FFighter%20Destiny%202.pdf,3620487,4d4083c1922bbf394585d995d26a3a92,,,Fighter Destiny 2.pdf
docs/N64/Manuals/Fighters Destiny.pdf,https://archive.org/download/mister-manuals/1996_Nintendo%2064.zip/1996_Nintendo%2064%2FFighters%20Destiny.pdf,2513349,b94417d3e50574394004ca9ae2b77878,,,Fighters Destiny.pdf
docs/N64/Manuals/Fighting Force 64.pdf,https://archive.org/download/mister-manuals/1996_Nintendo%2064.zip/1996_Nintendo%2064%2FFighting%20Force%2064.pdf,3735324,bb53918e98b7f81d42480debd1563fbc,,,Fighting Force 64.pdf
docs/N64/Manuals/Flying Dragon.pdf,https://archive.org/download/mister-manuals/1996_Nintendo%2064.zip/1996_Nintendo%2064%2FFlying%20Dragon.pdf,3427217,09d3dbf3f7d0f8b8ea2e8edb31d67ae2,,,Flying Dragon.pdf
docs/N64/Manuals/Forsaken 64.pdf,https://archive.org/download/mister-manuals/1996_Nintendo%2064.zip/1996_Nintendo%2064%2FForsaken%2064.pdf,3346852,adf70c1b350a63c0ed9cb8acf678e366,,,Forsaken 64.pdf
docs/N64/Manuals/GT64 - Championship Edition.pdf,https://archive.org/download/mister-manuals/1996_Nintendo%2064.zip/1996_Nintendo%2064%2FGT64%20-%20Championship%20Edition.pdf,1740215,1b226a167b32dff240702c8d8edbf52c,,,GT64 - Championship Edition.pdf
docs/N64/Manuals/Gauntlet Legends.pdf,https://archive.org/download/mister-manuals/1996_Nintendo%2064.zip/1996_Nintendo%2064%2FGauntlet%20Legends.pdf,4783945,cdd9fd94f02de358a55a4886334ebc43,,,Gauntlet Legends.pdf
docs/N64/Manuals/Gex 3 - Deep Cover Gecko.pdf,https://archive.org/download/mister-manuals/1996_Nintendo%2064.zip/1996_Nintendo%2064%2FGex%203%20-%20Deep%20Cover%20Gecko.pdf,2021097,4d2e2294707baef9c0cff8688d98728a,,,Gex 3 - Deep Cover Gecko.pdf
docs/N64/Manuals/Gex 64 - Enter the Gecko.pdf,https://archive.org/download/mister-manuals/1996_Nintendo%2064.zip/1996_Nintendo%2064%2FGex%2064%20-%20Enter%20the%20Gecko.pdf,2780937,c83cc601d1a7652588ffbdaec3f36be0,,,Gex 64 - Enter the Gecko.pdf
docs/N64/Manuals/Glover.pdf,https://archive.org/download/mister-manuals/1996_Nintendo%2064.zip/1996_Nintendo%2064%2FGlover.pdf,2260926,efc0eebc6df2c7bbba99382d2e47ec31,,,Glover.pdf
docs/N64/Manuals/Goemon_s Great Adventure.pdf,https://archive.org/download/mister-manuals/1996_Nintendo%2064.zip/1996_Nintendo%2064%2FGoemon_s%20Great%20Adventure.pdf,1105797,987afd2c96dac14d1f5655cff5898db3,,,Goemon_s Great Adventure.pdf
docs/N64/Manuals/Golden Nugget 64.pdf,https://archive.org/download/mister-manuals/1996_Nintendo%2064.zip/1996_Nintendo%2064%2FGolden%20Nugget%2064.pdf,5000557,897e7d5d9a64ea7219227ea95aaa3c22,,,Golden Nugget 64.pdf
docs/N64/Manuals/GoldenEye 007.pdf,https://archive.org/download/mister-manuals/1996_Nintendo%2064.zip/1996_Nintendo%2064%2FGoldenEye%20007.pdf,1868893,57fb1fd8516408ca3c93b36123bcc8fa,,,GoldenEye 007.pdf
docs/N64/Manuals/Harvest Moon 64.pdf,https://archive.org/download/mister-manuals/1996_Nintendo%2064.zip/1996_Nintendo%2064%2FHarvest%20Moon%2064.pdf,4289328,4c3d46776e22399f0f0c9ee7ec1ccb2d,,,Harvest Moon 64.pdf
docs/N64/Manuals/Hercules - The Legendary Journeys.pdf,https://archive.org/download/mister-manuals/1996_Nintendo%2064.zip/1996_Nintendo%2064%2FHercules%20-%20The%20Legendary%20Journeys.pdf,3184822,565a1baacbb49df29b98b602477821cb,,,Hercules - The Legendary Journeys.pdf
docs/N64/Manuals/Hexen.pdf,https://archive.org/download/mister-manuals/1996_Nintendo%2064.zip/1996_Nintendo%2064%2FHexen.pdf,3967470,2e485993debae79440fe6e5ceadd3c50,,,Hexen.pdf
"docs/N64/Manuals/Hey You, Pikachu!.pdf",https://archive.org/download/mister-manuals/1996_Nintendo%2064.zip/1996_Nintendo%2064%2FHey%20You%2C%20Pikachu%21.pdf,3500814,365acb90e2b3e49d8802ca89b5c169af,,,"Hey You, Pikachu!.pdf"
docs/N64/Manuals/Hot Wheels Turbo Racing.pdf,https://archive.org/download/mister-manuals/1996_Nintendo%2064.zip/1996_Nintendo%2064%2FHot%20Wheels%20Turbo%20Racing.pdf,3452931,15e959f6c6699bba72da43663bdf1810,,,Hot Wheels Turbo Racing.pdf
docs/N64/Manuals/Hybrid Heaven.pdf,https://archive.org/download/mister-manuals/1996_Nintendo%2064.zip/1996_Nintendo%2064%2FHybrid%20Heaven.pdf,1868579,4de39370f899e254067a225d6a7743b7,,,Hybrid Heaven.pdf
docs/N64/Manuals/Hydro Thunder.pdf,https://archive.org/download/mister-manuals/1996_Nintendo%2064.zip/1996_Nintendo%2064%2FHydro%20Thunder.pdf,3691599,e93e8a7331cce9bac063547941e87384,,,Hydro Thunder.pdf
docs/N64/Manuals/Iggy_s Reckin_ Balls.pdf,https://archive.org/download/mister-manuals/1996_Nintendo%2064.zip/1996_Nintendo%2064%2FIggy_s%20Reckin_%20Balls.pdf,2255514,e59dea50698004af21c2a82ca9500a8f,,,Iggy_s Reckin_ Balls.pdf
docs/N64/Manuals/Indiana Jones and the Infernal Machine.pdf,https://archive.org/download/mister-manuals/1996_Nintendo%2064.zip/1996_Nintendo%2064%2FIndiana%20Jones%20and%20the%20Infernal%20Machine.pdf,4498709,681f24440c888df28f2f46d3c3dd65cb,,,Indiana Jones and the Infernal Machine.pdf
docs/N64/Manuals/Indy Racing 2000.pdf,https://archive.org/download/mister-manuals/1996_Nintendo%2064.zip/1996_Nintendo%2064%2FIndy%20Racing%202000.pdf,3032402,d8e837ea4490faa5df88ccf67e2d1335,,,Indy Racing 2000.pdf
docs/N64/Manuals/International Superstar Soccer 2000.pdf,https://archive.org/download/mister-manuals/1996_Nintendo%2064.zip/1996_Nintendo%2064%2FInternational%20Superstar%20Soccer%202000.pdf,2534451,cf4365a84a397e77db9855d2f5b0c5e1,,,International Superstar Soccer 2000.pdf
docs/N64/Manuals/International Superstar Soccer 64.pdf,https://archive.org/download/mister-manuals/1996_Nintendo%2064.zip/1996_Nintendo%2064%2FInternational%20Superstar%20Soccer%2064.pdf,3159644,444bc1fb454a8040ca1b6cfd28195e6e,,,International Superstar Soccer 64.pdf
docs/N64/Manuals/International Superstar Soccer _98.pdf,https://archive.org/download/mister-manuals/1996_Nintendo%2064.zip/1996_Nintendo%2064%2FInternational%20Superstar%20Soccer%20_98.pdf,3756743,1c2ea299afd8b837b71c41dad3e88f1e,,,International Superstar Soccer _98.pdf
docs/N64/Manuals/International Track & Field 2000.pdf,https://archive.org/download/mister-manuals/1996_Nintendo%2064.zip/1996_Nintendo%2064%2FInternational%20Track%20%26%20Field%202000.pdf,2412491,7a74278a99b06a75845fbbf330d4cbd0,,,International Track & Field 2000.pdf
docs/N64/Manuals/Jeopardy!.pdf,https://archive.org/download/mister-manuals/1996_Nintendo%2064.zip/1996_Nintendo%2064%2FJeopardy%21.pdf,2907829,17400ab36aa2743bb461a49ea4e2ea29,,,Jeopardy!.pdf
docs/N64/Manuals/Jeremy McGrath Supercross 2000.pdf,https://archive.org/download/mister-manuals/1996_Nintendo%2064.zip/1996_Nintendo%2064%2FJeremy%20McGrath%20Supercross%202000.pdf,3229854,11edc3cdadc942a3f0e09029e4eecd3d,,,Jeremy McGrath Supercross 2000.pdf
docs/N64/Manuals/Jet Force Gemini.pdf,https://archive.org/download/mister-manuals/1996_Nintendo%2064.zip/1996_Nintendo%2064%2FJet%20Force%20Gemini.pdf,2428511,f609a89d3363f83e03f672e1f2cd2133,,,Jet Force Gemini.pdf
docs/N64/Manuals/Ken Griffey Jr._s Slugfest.pdf,https://archive.org/download/mister-manuals/1996_Nintendo%2064.zip/1996_Nintendo%2064%2FKen%20Griffey%20Jr._s%20Slugfest.pdf,4379605,26d8fff045bea1e07b666be5a8d29d7c,,,Ken Griffey Jr._s Slugfest.pdf
docs/N64/Manuals/Killer Instinct Gold.pdf,https://archive.org/download/mister-manuals/1996_Nintendo%2064.zip/1996_Nintendo%2064%2FKiller%20Instinct%20Gold.pdf,3437763,8cbc6965655eecc08ab2f88a2baadab8,,,Killer Instinct Gold.pdf
docs/N64/Manuals/Kirby 64 - The Crystal Shards.pdf,https://archive.org/download/mister-manuals/1996_Nintendo%2064.zip/1996_Nintendo%2064%2FKirby%2064%20-%20The%20Crystal%20Shards.pdf,1656938,51a4291a5969c8676e9ceaf55c2ebba1,,,Kirby 64 - The Crystal Shards.pdf
docs/N64/Manuals/Knife Edge - Nose Gunner.pdf,https://archive.org/download/mister-manuals/1996_Nintendo%2064.zip/1996_Nintendo%2064%2FKnife%20Edge%20-%20Nose%20Gunner.pdf,2879210,78b8570ddadf2747fe88426fd20a6ea7,,,Knife Edge - Nose Gunner.pdf
docs/N64/Manuals/Knockout Kings 2000.pdf,https://archive.org/download/mister-manuals/1996_Nintendo%2064.zip/1996_Nintendo%2064%2FKnockout%20Kings%202000.pdf,2503794,dd6c4d816d5ec5b3605529b72d699634,,,Knockout Kings 2000.pdf
docs/N64/Manuals/Kobe Bryant in NBA Courtside.pdf,https://archive.org/download/mister-manuals/1996_Nintendo%2064.zip/1996_Nintendo%2064%2FKobe%20Bryant%20in%20NBA%20Courtside.pdf,3213380,f4de6d7ffc8be6d2fb51e04723067d85,,,Kobe Bryant in NBA Courtside.pdf
docs/N64/Manuals/LEGO Racers.pdf,https://archive.org/download/mister-manuals/1996_Nintendo%2064.zip/1996_Nintendo%2064%2FLEGO%20Racers.pdf,2277833,4ee91c68666c0a62a5263f812f2f96c9,,,LEGO Racers.pdf
"docs/N64/Manuals/Legend of Zelda, The - Majora_s Mask.pdf",https://archive.org/download/mister-manuals/1996_Nintendo%2064.zip/1996_Nintendo%2064%2FLegend%20of%20Zelda%2C%20The%20-%20Majora_s%20Mask.pdf,3666427,dc0f352efabab422eccdd0efeea434d0,,,"Legend of Zelda, The - Majora_s Mask.pdf"
"docs/N64/Manuals/Legend of Zelda, The - Ocarina of Time - Master Quest.pdf",https://archive.org/download/mister-manuals/1996_Nintendo%2064.zip/1996_Nintendo%2064%2FLegend%20of%20Zelda%2C%20The%20-%20Ocarina%20of%20Time%20-%20Master%20Quest.pdf,2867080,e308511f8292d8416e94476d1200bce4,,,"Legend of Zelda, The - Ocarina of Time - Master Quest.pdf"
"docs/N64/Manuals/Legend of Zelda, The - Ocarina of Time .pdf",https://archive.org/download/mister-manuals/1996_Nintendo%2064.zip/1996_Nintendo%2064%2FLegend%20of%20Zelda%2C%20The%20-%20Ocarina%20of%20Time%20.pdf,2079778,1bfd7197a5d53e8cd6ef830be988bfa1,,,"Legend of Zelda, The - Ocarina of Time .pdf"
docs/N64/Manuals/Lode Runner 3-D.pdf,https://archive.org/download/mister-manuals/1996_Nintendo%2064.zip/1996_Nintendo%2064%2FLode%20Runner%203-D.pdf,2796055,d3a004e169f66f78332253ad9945850b,,,Lode Runner 3-D.pdf
docs/N64/Manuals/MRC - Multi Racing Championship.pdf,https://archive.org/download/mister-manuals/1996_Nintendo%2064.zip/1996_Nintendo%2064%2FMRC%20-%20Multi%20Racing%20Championship.pdf,1560687,42c52ed10720814efa1ee2de97191a37,,,MRC - Multi Racing Championship.pdf
docs/N64/Manuals/Mace - The Dark Age.pdf,https://archive.org/download/mister-manuals/1996_Nintendo%2064.zip/1996_Nintendo%2064%2FMace%20-%20The%20Dark%20Age.pdf,3973909,0e4f83ea08d0caa3a1edd8c9028ffbab,,,Mace - The Dark Age.pdf
docs/N64/Manuals/Madden Football 64.pdf,https://archive.org/download/mister-manuals/1996_Nintendo%2064.zip/1996_Nintendo%2064%2FMadden%20Football%2064.pdf,1818380,0b83657fb75f9eb4155187f0b205e7e4,,,Madden Football 64.pdf
docs/N64/Manuals/Madden NFL 2000.pdf,https://archive.org/download/mister-manuals/1996_Nintendo%2064.zip/1996_Nintendo%2064%2FMadden%20NFL%202000.pdf,3707036,3f6b743746ba353138f166c8badda4c5,,,Madden NFL 2000.pdf
docs/N64/Manuals/Madden NFL 2001.pdf,https://archive.org/download/mister-manuals/1996_Nintendo%2064.zip/1996_Nintendo%2064%2FMadden%20NFL%202001.pdf,3245446,452f6457d6eb1985cd9bb78312bbb742,,,Madden NFL 2001.pdf
docs/N64/Manuals/Madden NFL 2002.pdf,https://archive.org/download/mister-manuals/1996_Nintendo%2064.zip/1996_Nintendo%2064%2FMadden%20NFL%202002.pdf,4223072,f4dc6981760f01f833f2731235699be3,,,Madden NFL 2002.pdf
docs/N64/Manuals/Madden NFL 99.pdf,https://archive.org/download/mister-manuals/1996_Nintendo%2064.zip/1996_Nintendo%2064%2FMadden%20NFL%2099.pdf,4309948,059783efc68f1b2cc4f47199131a90a5,,,Madden NFL 99.pdf
docs/N64/Manuals/Magical Tetris Challenge.pdf,https://archive.org/download/mister-manuals/1996_Nintendo%2064.zip/1996_Nintendo%2064%2FMagical%20Tetris%20Challenge.pdf,3021444,1aeef11595abfeed83f9cf05bbb6e57a,,,Magical Tetris Challenge.pdf
"docs/N64/Manuals/Major League Baseball featuring Ken Griffey, Jr..pdf",https://archive.org/download/mister-manuals/1996_Nintendo%2064.zip/1996_Nintendo%2064%2FMajor%20League%20Baseball%20featuring%20Ken%20Griffey%2C%20Jr..pdf,678733,0e49c5147b596f6edb8db87361e29908,,,"Major League Baseball featuring Ken Griffey, Jr..pdf"
docs/N64/Manuals/Mario Golf.pdf,https://archive.org/download/mister-manuals/1996_Nintendo%2064.zip/1996_Nintendo%2064%2FMario%20Golf.pdf,3543199,80f1b36b0d92b064ac23d8c5292ed511,,,Mario Golf.pdf
docs/N64/Manuals/Mario Kart 64.pdf,https://archive.org/download/mister-manuals/1996_Nintendo%2064.zip/1996_Nintendo%2064%2FMario%20Kart%2064.pdf,4066705,e4585fb68c1ce964b0f8bb2202c205c7,,,Mario Kart 64.pdf
docs/N64/Manuals/Mario Party .pdf,https://archive.org/download/mister-manuals/1996_Nintendo%2064.zip/1996_Nintendo%2064%2FMario%20Party%20.pdf,3739657,7e3a70dd011229eed020c1b19056ba6b,,,Mario Party .pdf
docs/N64/Manuals/Mario Party 2.pdf,https://archive.org/download/mister-manuals/1996_Nintendo%2064.zip/1996_Nintendo%2064%2FMario%20Party%202.pdf,1838625,14b117055958f22fae24948ceaf24f2f,,,Mario Party 2.pdf
docs/N64/Manuals/Mario Party 3.pdf,https://archive.org/download/mister-manuals/1996_Nintendo%2064.zip/1996_Nintendo%2064%2FMario%20Party%203.pdf,4111013,86326c73de5d7b01a978d8a9a71e53a0,,,Mario Party 3.pdf
docs/N64/Manuals/Mario Tennis.pdf,https://archive.org/download/mister-manuals/1996_Nintendo%2064.zip/1996_Nintendo%2064%2FMario%20Tennis.pdf,3461575,a0a915129b27f6f22403145a614d3baf,,,Mario Tennis.pdf
docs/N64/Manuals/Mega Man 64.pdf,https://archive.org/download/mister-manuals/1996_Nintendo%2064.zip/1996_Nintendo%2064%2FMega%20Man%2064.pdf,2708186,4a7074496195be6db81608aabe033448,,,Mega Man 64.pdf
docs/N64/Manuals/Mia Hamm Soccer 64.pdf,https://archive.org/download/mister-manuals/1996_Nintendo%2064.zip/1996_Nintendo%2064%2FMia%20Hamm%20Soccer%2064.pdf,3987860,50f91da7493a866ba6612c8731549bd1,,,Mia Hamm Soccer 64.pdf
docs/N64/Manuals/Mickey_s Speedway USA.pdf,https://archive.org/download/mister-manuals/1996_Nintendo%2064.zip/1996_Nintendo%2064%2FMickey_s%20Speedway%20USA.pdf,1838800,0bd93d7773474f1222e9d03af5bad38d,,,Mickey_s Speedway USA.pdf
docs/N64/Manuals/Micro Machines 64 Turbo.pdf,https://archive.org/download/mister-manuals/1996_Nintendo%2064.zip/1996_Nintendo%2064%2FMicro%20Machines%2064%20Turbo.pdf,2344512,5b0fb417abc2b081f02fa71b05824660,,,Micro Machines 64 Turbo.pdf
docs/N64/Manuals/Midway_s Greatest Arcade Hits.pdf,https://archive.org/download/mister-manuals/1996_Nintendo%2064.zip/1996_Nintendo%2064%2FMidway_s%20Greatest%20Arcade%20Hits.pdf,1898882,21a3ce2e42322e7f4c891ac2f6b12e28,,,Midway_s Greatest Arcade Hits.pdf
docs/N64/Manuals/Mike Piazza_s Strike Zone.pdf,https://archive.org/download/mister-manuals/1996_Nintendo%2064.zip/1996_Nintendo%2064%2FMike%20Piazza_s%20Strike%20Zone.pdf,3397789,4b094f3688817cce3c7ba4b152b3819f,,,Mike Piazza_s Strike Zone.pdf
docs/N64/Manuals/Milo_s Astro Lanes.pdf,https://archive.org/download/mister-manuals/1996_Nintendo%2064.zip/1996_Nintendo%2064%2FMilo_s%20Astro%20Lanes.pdf,1909275,704ecf4182d056cc968e6e6c04614abf,,,Milo_s Astro Lanes.pdf
docs/N64/Manuals/Mischief Makers.pdf,https://archive.org/download/mister-manuals/1996_Nintendo%2064.zip/1996_Nintendo%2064%2FMischief%20Makers.pdf,1427203,60b3446275c19e41d56a710050ddd76f,,,Mischief Makers.pdf
docs/N64/Manuals/Mission - Impossible.pdf,https://archive.org/download/mister-manuals/1996_Nintendo%2064.zip/1996_Nintendo%2064%2FMission%20-%20Impossible.pdf,1345343,0823d5800c59ee508c1ddb96a9dfcc06,,,Mission - Impossible.pdf
docs/N64/Manuals/Monaco Grand Prix.pdf,https://archive.org/download/mister-manuals/1996_Nintendo%2064.zip/1996_Nintendo%2064%2FMonaco%20Grand%20Prix.pdf,3297378,f59e1ef00006e79c7681576e0fed99bc,,,Monaco Grand Prix.pdf
docs/N64/Manuals/Monopoly.pdf,https://archive.org/download/mister-manuals/1996_Nintendo%2064.zip/1996_Nintendo%2064%2FMonopoly.pdf,3029990,5690dad275317722324feb4c4648a0c8,,,Monopoly.pdf
docs/N64/Manuals/Monster Truck Madness 64.pdf,https://archive.org/download/mister-manuals/1996_Nintendo%2064.zip/1996_Nintendo%2064%2FMonster%20Truck%20Madness%2064.pdf,2074945,91dd9c5cdc3bd081cd6decb1d7defc15,,,Monster Truck Madness 64.pdf
docs/N64/Manuals/Mortal Kombat 4.pdf,https://archive.org/download/mister-manuals/1996_Nintendo%2064.zip/1996_Nintendo%2064%2FMortal%20Kombat%204.pdf,4080441,c3b211325c17bc4896075522f508b659,,,Mortal Kombat 4.pdf
docs/N64/Manuals/Mortal Kombat Trilogy.pdf,https://archive.org/download/mister-manuals/1996_Nintendo%2064.zip/1996_Nintendo%2064%2FMortal%20Kombat%20Trilogy.pdf,5076073,6c56f32106949d42efd5735eea6c6235,,,Mortal Kombat Trilogy.pdf
docs/N64/Manuals/Ms. Pac-Man Maze Madness.pdf,https://archive.org/download/mister-manuals/1996_Nintendo%2064.zip/1996_Nintendo%2064%2FMs.%20Pac-Man%20Maze%20Madness.pdf,2846954,39f6870b8d678d19373f657b08d003b0,,,Ms. Pac-Man Maze Madness.pdf
docs/N64/Manuals/Mystical Ninja starring Goemon.pdf,https://archive.org/download/mister-manuals/1996_Nintendo%2064.zip/1996_Nintendo%2064%2FMystical%20Ninja%20starring%20Goemon.pdf,1543350,02656326420e285c3c332b931aa5153f,,,Mystical Ninja starring Goemon.pdf
docs/N64/Manuals/NASCAR 2000.pdf,https://archive.org/download/mister-manuals/1996_Nintendo%2064.zip/1996_Nintendo%2064%2FNASCAR%202000.pdf,2712343,9a7f1e4facaebd807d589ad0d8194f1d,,,NASCAR 2000.pdf
docs/N64/Manuals/NASCAR 99.pdf,https://archive.org/download/mister-manuals/1996_Nintendo%2064.zip/1996_Nintendo%2064%2FNASCAR%2099.pdf,2492590,fa4014acf703695a669ff4d935239cd3,,,NASCAR 99.pdf
docs/N64/Manuals/NBA Courtside 2 featuring Kobe Bryant.pdf,https://archive.org/download/mister-manuals/1996_Nintendo%2064.zip/1996_Nintendo%2064%2FNBA%20Courtside%202%20featuring%20Kobe%20Bryant.pdf,3237296,edaf39f54b98ecdd42d2c50317d70fe0,,,NBA Courtside 2 featuring Kobe Bryant.pdf
docs/N64/Manuals/NBA Hangtime.pdf,https://archive.org/download/mister-manuals/1996_Nintendo%2064.zip/1996_Nintendo%2064%2FNBA%20Hangtime.pdf,2794978,df834a4be8afee2460004f41e0f4e89d,,,NBA Hangtime.pdf
docs/N64/Manuals/NBA Jam 2000.pdf,https://archive.org/download/mister-manuals/1996_Nintendo%2064.zip/1996_Nintendo%2064%2FNBA%20Jam%202000.pdf,4525234,59743544b65b3a6858d6d66e5809d0e0,,,NBA Jam 2000.pdf
docs/N64/Manuals/NBA Jam 99.pdf,https://archive.org/download/mister-manuals/1996_Nintendo%2064.zip/1996_Nintendo%2064%2FNBA%20Jam%2099.pdf,1490787,5bde6bb3260bac182a157c751b6cac8c,,,NBA Jam 99.pdf
docs/N64/Manuals/NBA Live 2000.pdf,https://archive.org/download/mister-manuals/1996_Nintendo%2064.zip/1996_Nintendo%2064%2FNBA%20Live%202000.pdf,4163276,364392d3ce67c90a6f61a96090127b8b,,,NBA Live 2000.pdf
docs/N64/Manuals/NBA Live 99.pdf,https://archive.org/download/mister-manuals/1996_Nintendo%2064.zip/1996_Nintendo%2064%2FNBA%20Live%2099.pdf,3560197,ff6061e309df3ae9a8febb886a901dbc,,,NBA Live 99.pdf
docs/N64/Manuals/NBA Showtime - NBA on NBC.pdf,https://archive.org/download/mister-manuals/1996_Nintendo%2064.zip/1996_Nintendo%2064%2FNBA%20Showtime%20-%20NBA%20on%20NBC.pdf,5115369,9722c827f892488de62d54adfdb1b2c7,,,NBA Showtime - NBA on NBC.pdf
docs/N64/Manuals/NBA in the Zone 2000.pdf,https://archive.org/download/mister-manuals/1996_Nintendo%2064.zip/1996_Nintendo%2064%2FNBA%20in%20the%20Zone%202000.pdf,1733369,60d76cd412349ab541a2c3fee0714d74,,,NBA in the Zone 2000.pdf
docs/N64/Manuals/NBA in the Zone _98.pdf,https://archive.org/download/mister-manuals/1996_Nintendo%2064.zip/1996_Nintendo%2064%2FNBA%20in%20the%20Zone%20_98.pdf,2521575,aeab385ebcf1b67a496a9261085f0208,,,NBA in the Zone _98.pdf
docs/N64/Manuals/NBA in the Zone _99.pdf,https://archive.org/download/mister-manuals/1996_Nintendo%2064.zip/1996_Nintendo%2064%2FNBA%20in%20the%20Zone%20_99.pdf,1190070,b0cecdc788f22119adca46d3e7fc9277,,,NBA in the Zone _99.pdf
docs/N64/Manuals/NFL Blitz - Special Edition.pdf,https://archive.org/download/mister-manuals/1996_Nintendo%2064.zip/1996_Nintendo%2064%2FNFL%20Blitz%20-%20Special%20Edition.pdf,4248800,09ed2d111fc359c067c54076f955b3f9,,,NFL Blitz - Special Edition.pdf
docs/N64/Manuals/NFL Blitz 2000.pdf,https://archive.org/download/mister-manuals/1996_Nintendo%2064.zip/1996_Nintendo%2064%2FNFL%20Blitz%202000.pdf,2474796,716b01c8369176617dcd5a9edf684d5c,,,NFL Blitz 2000.pdf
docs/N64/Manuals/NFL Blitz 2001.pdf,https://archive.org/download/mister-manuals/1996_Nintendo%2064.zip/1996_Nintendo%2064%2FNFL%20Blitz%202001.pdf,5047755,341cfe3c77e2e101d4a381bce074d5dc,,,NFL Blitz 2001.pdf
docs/N64/Manuals/NFL Blitz.pdf,https://archive.org/download/mister-manuals/1996_Nintendo%2064.zip/1996_Nintendo%2064%2FNFL%20Blitz.pdf,3586293,ad10b50b70c7cca3789b00c3e75cfd86,,,NFL Blitz.pdf
docs/N64/Manuals/NFL Quarterback Club 2000.pdf,https://archive.org/download/mister-manuals/1996_Nintendo%2064.zip/1996_Nintendo%2064%2FNFL%20Quarterback%20Club%202000.pdf,2134632,cbb9e6f37e9ba37cfaa86a1d6d50a17c,,,NFL Quarterback Club 2000.pdf
docs/N64/Manuals/NFL Quarterback Club 2001.pdf,https://archive.org/download/mister-manuals/1996_Nintendo%2064.zip/1996_Nintendo%2064%2FNFL%20Quarterback%20Club%202001.pdf,2992764,fff9de98ded650b6301e4108f59acce8,,,NFL Quarterback Club 2001.pdf
docs/N64/Manuals/NFL Quarterback Club 98.pdf,https://archive.org/download/mister-manuals/1996_Nintendo%2064.zip/1996_Nintendo%2064%2FNFL%20Quarterback%20Club%2098.pdf,3006030,b04e10f16921935a7bb29bfa7f8337f6,,,NFL Quarterback Club 98.pdf
docs/N64/Manuals/NFL Quarterback Club 99.pdf,https://archive.org/download/mister-manuals/1996_Nintendo%2064.zip/1996_Nintendo%2064%2FNFL%20Quarterback%20Club%2099.pdf,5040608,71cecfe8ef3acfa6c8681b8df45ea75b,,,NFL Quarterback Club 99.pdf
docs/N64/Manuals/NHL 99.pdf,https://archive.org/download/mister-manuals/1996_Nintendo%2064.zip/1996_Nintendo%2064%2FNHL%2099.pdf,2632340,17eaf5b8842f9e6bbfbd36c3d5a05781,,,NHL 99.pdf
docs/N64/Manuals/NHL Blades of Steel _99.pdf,https://archive.org/download/mister-manuals/1996_Nintendo%2064.zip/1996_Nintendo%2064%2FNHL%20Blades%20of%20Steel%20_99.pdf,5031704,f9b722c4f4359a6e25b9a1eb7097be5d,,,NHL Blades of Steel _99.pdf
docs/N64/Manuals/NHL Breakaway 98.pdf,https://archive.org/download/mister-manuals/1996_Nintendo%2064.zip/1996_Nintendo%2064%2FNHL%20Breakaway%2098.pdf,4135473,5a654f061db47b34a219e7bc6bd86a12,,,NHL Breakaway 98.pdf
docs/N64/Manuals/NHL Breakaway 99.pdf,https://archive.org/download/mister-manuals/1996_Nintendo%2064.zip/1996_Nintendo%2064%2FNHL%20Breakaway%2099.pdf,1247118,1db2ffb79c866b27948f0309d34be7a6,,,NHL Breakaway 99.pdf
docs/N64/Manuals/Nagano Winter Olympics _98.pdf,https://archive.org/download/mister-manuals/1996_Nintendo%2064.zip/1996_Nintendo%2064%2FNagano%20Winter%20Olympics%20_98.pdf,1421701,1523a43ced293fa55e8408da36589d76,,,Nagano Winter Olympics _98.pdf
docs/N64/Manuals/Namco Museum 64.pdf,https://archive.org/download/mister-manuals/1996_Nintendo%2064.zip/1996_Nintendo%2064%2FNamco%20Museum%2064.pdf,2616927,a9784b341c70904e2313fb66b16c2f5c,,,Namco Museum 64.pdf
"docs/N64/Manuals/New Tetris, The.pdf",https://archive.org/download/mister-manuals/1996_Nintendo%2064.zip/1996_Nintendo%2064%2FNew%20Tetris%2C%20The.pdf,1367189,1ac51a7eef5b80f4166aeb5fb0f958eb,,,"New Tetris, The.pdf"
docs/N64/Manuals/Nightmare Creatures.pdf,https://archive.org/download/mister-manuals/1996_Nintendo%2064.zip/1996_Nintendo%2064%2FNightmare%20Creatures.pdf,1042228,475894e87175c9ca4358f33ae902fb30,,,Nightmare Creatures.pdf
docs/N64/Manuals/Nuclear Strike 64.pdf,https://archive.org/download/mister-manuals/1996_Nintendo%2064.zip/1996_Nintendo%2064%2FNuclear%20Strike%2064.pdf,2418229,e3e9ff5feda237b3024d4cbd8877274b,,,Nuclear Strike 64.pdf
docs/N64/Manuals/Off Road Challenge.pdf,https://archive.org/download/mister-manuals/1996_Nintendo%2064.zip/1996_Nintendo%2064%2FOff%20Road%20Challenge.pdf,2177489,b0044d5a40cbdf533101d4d775117859,,,Off Road Challenge.pdf
docs/N64/Manuals/Ogre Battle 64 - Person of Lordly Caliber.pdf,https://archive.org/download/mister-manuals/1996_Nintendo%2064.zip/1996_Nintendo%2064%2FOgre%20Battle%2064%20-%20Person%20of%20Lordly%20Caliber.pdf,4823969,58018ad613281ddbe07df4d0d399d072,,,Ogre Battle 64 - Person of Lordly Caliber.pdf
docs/N64/Manuals/Olympic Hockey Nagano _98.pdf,https://archive.org/download/mister-manuals/1996_Nintendo%2064.zip/1996_Nintendo%2064%2FOlympic%20Hockey%20Nagano%20_98.pdf,2186124,1100989adbbdad1055e3cebf1cbba5b1,,,Olympic Hockey Nagano _98.pdf
docs/N64/Manuals/PGA European Tour.pdf,https://archive.org/download/mister-manuals/1996_Nintendo%2064.zip/1996_Nintendo%2064%2FPGA%20European%20Tour.pdf,4867251,f0f8ad046f1840dc97f5a9c4b17161fc,,,PGA European Tour.pdf
docs/N64/Manuals/Paper Mario.pdf,https://archive.org/download/mister-manuals/1996_Nintendo%2064.zip/1996_Nintendo%2064%2FPaper%20Mario.pdf,2917885,b16261c0ce188a8abce07c6ade3af67d,,,Paper Mario.pdf
docs/N64/Manuals/Paperboy.pdf,https://archive.org/download/mister-manuals/1996_Nintendo%2064.zip/1996_Nintendo%2064%2FPaperboy.pdf,3898334,b1fc0307b9479db152bfdfcd968b217a,,,Paperboy.pdf
docs/N64/Manuals/Penny Racers.pdf,https://archive.org/download/mister-manuals/1996_Nintendo%2064.zip/1996_Nintendo%2064%2FPenny%20Racers.pdf,3618212,36bfacecb8dbb864731b0938a6a53ba6,,,Penny Racers.pdf
docs/N64/Manuals/Perfect Dark.pdf,https://archive.org/download/mister-manuals/1996_Nintendo%2064.zip/1996_Nintendo%2064%2FPerfect%20Dark.pdf,2259577,da907a5ba0bbd42cef5cdef84d2df2f7,,,Perfect Dark.pdf
docs/N64/Manuals/Pilotwings 64.pdf,https://archive.org/download/mister-manuals/1996_Nintendo%2064.zip/1996_Nintendo%2064%2FPilotwings%2064.pdf,2500436,e6d08c0354c0ac3667597b74ddf0d799,,,Pilotwings 64.pdf
docs/N64/Manuals/Pokemon Puzzle League.pdf,https://archive.org/download/mister-manuals/1996_Nintendo%2064.zip/1996_Nintendo%2064%2FPokemon%20Puzzle%20League.pdf,4773149,abbddcb4fd444048b960f20cdc95803b,,,Pokemon Puzzle League.pdf
docs/N64/Manuals/Pokemon Snap.pdf,https://archive.org/download/mister-manuals/1996_Nintendo%2064.zip/1996_Nintendo%2064%2FPokemon%20Snap.pdf,2628319,f01f4f9e75c1171fb03bf00cfcd10131,,,Pokemon Snap.pdf
docs/N64/Manuals/Pokemon Stadium .pdf,https://archive.org/download/mister-manuals/1996_Nintendo%2064.zip/1996_Nintendo%2064%2FPokemon%20Stadium%20.pdf,4053411,59f7fd8d8fa1687f1a3ae15d80efa9bc,,,Pokemon Stadium .pdf
docs/N64/Manuals/Pokemon Stadium 2.pdf,https://archive.org/download/mister-manuals/1996_Nintendo%2064.zip/1996_Nintendo%2064%2FPokemon%20Stadium%202.pdf,3814101,3242351013a40b7d0702e6a9a9663f80,,,Pokemon Stadium 2.pdf
docs/N64/Manuals/Polaris SnoCross.pdf,https://archive.org/download/mister-manuals/1996_Nintendo%2064.zip/1996_Nintendo%2064%2FPolaris%20SnoCross.pdf,2165259,696c3a7af61de8be9f49571ebe0b8c59,,,Polaris SnoCross.pdf
docs/N64/Manuals/Power Rangers - Lightspeed Rescue.pdf,https://archive.org/download/mister-manuals/1996_Nintendo%2064.zip/1996_Nintendo%2064%2FPower%20Rangers%20-%20Lightspeed%20Rescue.pdf,2090681,85a9d9c4bdcabcf77b9f39796f6f44e1,,,Power Rangers - Lightspeed Rescue.pdf
"docs/N64/Manuals/Powerpuff Girls, The - Chemical X-Traction.pdf",https://archive.org/download/mister-manuals/1996_Nintendo%2064.zip/1996_Nintendo%2064%2FPowerpuff%20Girls%2C%20The%20-%20Chemical%20X-Traction.pdf,1523688,d23389705a029b93d897d4b229988c8c,,,"Powerpuff Girls, The - Chemical X-Traction.pdf"
docs/N64/Manuals/Quake .pdf,https://archive.org/download/mister-manuals/1996_Nintendo%2064.zip/1996_Nintendo%2064%2FQuake%20.pdf,3525562,1f859b0d90e03139bd6fa069fc3bb27f,,,Quake .pdf
docs/N64/Manuals/Quake II.pdf,https://archive.org/download/mister-manuals/1996_Nintendo%2064.zip/1996_Nintendo%2064%2FQuake%20II.pdf,3064568,e4b6126743283b2291096ab912f5f536,,,Quake II.pdf
docs/N64/Manuals/Quest 64.pdf,https://archive.org/download/mister-manuals/1996_Nintendo%2064.zip/1996_Nintendo%2064%2FQuest%2064.pdf,4009301,5efa2c10e95eb0801c10d56b3f81dfde,,,Quest 64.pdf
docs/N64/Manuals/Rally Challenge 2000.pdf,https://archive.org/download/mister-manuals/1996_Nintendo%2064.zip/1996_Nintendo%2064%2FRally%20Challenge%202000.pdf,2396928,c3a8e4dc36544b8b0d3257910a0e3283,,,Rally Challenge 2000.pdf
docs/N64/Manuals/Rampage - World Tour.pdf,https://archive.org/download/mister-manuals/1996_Nintendo%2064.zip/1996_Nintendo%2064%2FRampage%20-%20World%20Tour.pdf,1882924,c4c620e8cb8924b6e6cbd6eded2603ec,,,Rampage - World Tour.pdf
docs/N64/Manuals/Rampage 2 - Universal Tour.pdf,https://archive.org/download/mister-manuals/1996_Nintendo%2064.zip/1996_Nintendo%2064%2FRampage%202%20-%20Universal%20Tour.pdf,3474509,84ddaff7a640c95bd7128a5aedb6ec81,,,Rampage 2 - Universal Tour.pdf
docs/N64/Manuals/Rat Attack!.pdf,https://archive.org/download/mister-manuals/1996_Nintendo%2064.zip/1996_Nintendo%2064%2FRat%20Attack%21.pdf,1464888,b84be0189d18ef2096a3cb13ec85bf17,,,Rat Attack!.pdf
docs/N64/Manuals/Rayman 2 - The Great Escape.pdf,https://archive.org/download/mister-manuals/1996_Nintendo%2064.zip/1996_Nintendo%2064%2FRayman%202%20-%20The%20Great%20Escape.pdf,4550191,2dfa2a25f08dc6823b6a10bf74f2a76f,,,Rayman 2 - The Great Escape.pdf
docs/N64/Manuals/Razor Freestyle Scooter.pdf,https://archive.org/download/mister-manuals/1996_Nintendo%2064.zip/1996_Nintendo%2064%2FRazor%20Freestyle%20Scooter.pdf,3120817,41786d077181539f2508672b500554b8,,,Razor Freestyle Scooter.pdf
docs/N64/Manuals/Re-Volt.pdf,https://archive.org/download/mister-manuals/1996_Nintendo%2064.zip/1996_Nintendo%2064%2FRe-Volt.pdf,2692598,9a287c8cbd5779d8f75df2b082b47bf3,,,Re-Volt.pdf
docs/N64/Manuals/Ready 2 Rumble Boxing - Round 2.pdf,https://archive.org/download/mister-manuals/1996_Nintendo%2064.zip/1996_Nintendo%2064%2FReady%202%20Rumble%20Boxing%20-%20Round%202.pdf,2702259,4579e582688c4a107394c4de90a52d69,,,Ready 2 Rumble Boxing - Round 2.pdf
docs/N64/Manuals/Ready 2 Rumble Boxing .pdf,https://archive.org/download/mister-manuals/1996_Nintendo%2064.zip/1996_Nintendo%2064%2FReady%202%20Rumble%20Boxing%20.pdf,3868041,445cd7e60359be39e54d26deded8ab4e,,,Ready 2 Rumble Boxing .pdf
docs/N64/Manuals/Resident Evil 2.pdf,https://archive.org/download/mister-manuals/1996_Nintendo%2064.zip/1996_Nintendo%2064%2FResident%20Evil%202.pdf,1943334,6e419c96661e4c73aaf6f9d61365e049,,,Resident Evil 2.pdf
docs/N64/Manuals/Ridge Racer 64.pdf,https://archive.org/download/mister-manuals/1996_Nintendo%2064.zip/1996_Nintendo%2064%2FRidge%20Racer%2064.pdf,2988077,6f4ac1b4be8a19edae643a1d7ebd6310,,,Ridge Racer 64.pdf
docs/N64/Manuals/Road Rash 64.pdf,https://archive.org/download/mister-manuals/1996_Nintendo%2064.zip/1996_Nintendo%2064%2FRoad%20Rash%2064.pdf,3193083,6d7f70abb4a35145ff48e79a72482851,,,Road Rash 64.pdf
docs/N64/Manuals/Roadsters.pdf,https://archive.org/download/mister-manuals/1996_Nintendo%2064.zip/1996_Nintendo%2064%2FRoadsters.pdf,4478454,bd51a952134ce9340426db725c0c4191,,,Roadsters.pdf
docs/N64/Manuals/Robotron 64.pdf,https://archive.org/download/mister-manuals/1996_Nintendo%2064.zip/1996_Nintendo%2064%2FRobotron%2064.pdf,2475434,f477523d8acb6a81a4b9e89ee643de5d,,,Robotron 64.pdf
docs/N64/Manuals/Rocket - Robot on Wheels.pdf,https://archive.org/download/mister-manuals/1996_Nintendo%2064.zip/1996_Nintendo%2064%2FRocket%20-%20Robot%20on%20Wheels.pdf,3938789,bd59585bb8b5e1f2ee1ed9b68615eed8,,,Rocket - Robot on Wheels.pdf
docs/N64/Manuals/Rugrats - Scavenger Hunt.pdf,https://archive.org/download/mister-manuals/1996_Nintendo%2064.zip/1996_Nintendo%2064%2FRugrats%20-%20Scavenger%20Hunt.pdf,2980326,be40f5f0bb0b88bfc00f425654b895ce,,,Rugrats - Scavenger Hunt.pdf
docs/N64/Manuals/Rugrats in Paris - The Movie.pdf,https://archive.org/download/mister-manuals/1996_Nintendo%2064.zip/1996_Nintendo%2064%2FRugrats%20in%20Paris%20-%20The%20Movie.pdf,3115413,74c9f77edfe2f13f2468f234cee184ea,,,Rugrats in Paris - The Movie.pdf
docs/N64/Manuals/Rush 2 - Extreme Racing USA.pdf,https://archive.org/download/mister-manuals/1996_Nintendo%2064.zip/1996_Nintendo%2064%2FRush%202%20-%20Extreme%20Racing%20USA.pdf,677287,144a0fb5b2050f06cfc69d074fd520fa,,,Rush 2 - Extreme Racing USA.pdf
docs/N64/Manuals/S.C.A.R.S..pdf,https://archive.org/download/mister-manuals/1996_Nintendo%2064.zip/1996_Nintendo%2064%2FS.C.A.R.S..pdf,558743,06314421c917c071604e77e2faf60df4,,,S.C.A.R.S..pdf
docs/N64/Manuals/San Francisco Rush - Extreme Racing.pdf,https://archive.org/download/mister-manuals/1996_Nintendo%2064.zip/1996_Nintendo%2064%2FSan%20Francisco%20Rush%20-%20Extreme%20Racing.pdf,3659920,beeed98026ea47c56fef5f3efd3ea545,,,San Francisco Rush - Extreme Racing.pdf
docs/N64/Manuals/San Francisco Rush 2049.pdf,https://archive.org/download/mister-manuals/1996_Nintendo%2064.zip/1996_Nintendo%2064%2FSan%20Francisco%20Rush%202049.pdf,4198438,3670754f18c144742d5a629d6137a06f,,,San Francisco Rush 2049.pdf
docs/N64/Manuals/Scooby Doo! - Classic Creep Capers.pdf,https://archive.org/download/mister-manuals/1996_Nintendo%2064.zip/1996_Nintendo%2064%2FScooby%20Doo%21%20-%20Classic%20Creep%20Capers.pdf,2649719,2545d512065f89cc213fb32e344ffdaf,,,Scooby Doo! - Classic Creep Capers.pdf
docs/N64/Manuals/Sesame Street - Elmo_s Letter Adventure.pdf,https://archive.org/download/mister-manuals/1996_Nintendo%2064.zip/1996_Nintendo%2064%2FSesame%20Street%20-%20Elmo_s%20Letter%20Adventure.pdf,2171789,44501e0a16fc2533970b044216ec7be7,,,Sesame Street - Elmo_s Letter Adventure.pdf
docs/N64/Manuals/Sesame Street - Elmo_s Number Journey.pdf,https://archive.org/download/mister-manuals/1996_Nintendo%2064.zip/1996_Nintendo%2064%2FSesame%20Street%20-%20Elmo_s%20Number%20Journey.pdf,3289587,05417ce2a794c0362c3cef93c636b4ca,,,Sesame Street - Elmo_s Number Journey.pdf
docs/N64/Manuals/Shadow Man.pdf,https://archive.org/download/mister-manuals/1996_Nintendo%2064.zip/1996_Nintendo%2064%2FShadow%20Man.pdf,3934023,41ef382e4d8de058418dc2e2a0a6b7d4,,,Shadow Man.pdf
docs/N64/Manuals/Shadowgate 64 - Trials of the Four Towers.pdf,https://archive.org/download/mister-manuals/1996_Nintendo%2064.zip/1996_Nintendo%2064%2FShadowgate%2064%20-%20Trials%20of%20the%20Four%20Towers.pdf,3175013,66249edc21199b79b987fc74fb45b2f8,,,Shadowgate 64 - Trials of the Four Towers.pdf
docs/N64/Manuals/Sin and Punishment - Successor of the Earth.pdf,https://archive.org/download/mister-manuals/1996_Nintendo%2064.zip/1996_Nintendo%2064%2FSin%20and%20Punishment%20-%20Successor%20of%20the%20Earth.pdf,1053502,23658d2c72cdffb3d58f0c0c1f147b82,,,Sin and Punishment - Successor of the Earth.pdf
docs/N64/Manuals/Snowboard Kids .pdf,https://archive.org/download/mister-manuals/1996_Nintendo%2064.zip/1996_Nintendo%2064%2FSnowboard%20Kids%20.pdf,2166486,8c6316eb2a4ca3c1e4b485f6936bcced,,,Snowboard Kids .pdf
docs/N64/Manuals/Snowboard Kids 2.pdf,https://archive.org/download/mister-manuals/1996_Nintendo%2064.zip/1996_Nintendo%2064%2FSnowboard%20Kids%202.pdf,4471603,5e7faee8f6f326d294a927ceb6392300,,,Snowboard Kids 2.pdf
docs/N64/Manuals/South Park - Chef_s Luv Shack.pdf,https://archive.org/download/mister-manuals/1996_Nintendo%2064.zip/1996_Nintendo%2064%2FSouth%20Park%20-%20Chef_s%20Luv%20Shack.pdf,1983192,88fdf01d3a18dc970b9617325ee17e63,,,South Park - Chef_s Luv Shack.pdf
docs/N64/Manuals/South Park Rally.pdf,https://archive.org/download/mister-manuals/1996_Nintendo%2064.zip/1996_Nintendo%2064%2FSouth%20Park%20Rally.pdf,2223267,dd30c6ca146fe0064cc2c657526834e6,,,South Park Rally.pdf
docs/N64/Manuals/South Park.pdf,https://archive.org/download/mister-manuals/1996_Nintendo%2064.zip/1996_Nintendo%2064%2FSouth%20Park.pdf,2001037,95e52cba669baeca6cc75a80bfad741c,,,South Park.pdf
docs/N64/Manuals/Space Invaders.pdf,https://archive.org/download/mister-manuals/1996_Nintendo%2064.zip/1996_Nintendo%2064%2FSpace%20Invaders.pdf,1783069,902f924312b859ff0f1430b19a45d6ff,,,Space Invaders.pdf
docs/N64/Manuals/SpaceStation Silicon Valley.pdf,https://archive.org/download/mister-manuals/1996_Nintendo%2064.zip/1996_Nintendo%2064%2FSpaceStation%20Silicon%20Valley.pdf,1248687,68b575536cf14a3246e6cd774e4ec10f,,,SpaceStation Silicon Valley.pdf
docs/N64/Manuals/Spider-Man.pdf,https://archive.org/download/mister-manuals/1996_Nintendo%2064.zip/1996_Nintendo%2064%2FSpider-Man.pdf,2338285,c80de2b67326f8eb88e76f7c78606ac7,,,Spider-Man.pdf
docs/N64/Manuals/Star Fox 64.pdf,https://archive.org/download/mister-manuals/1996_Nintendo%2064.zip/1996_Nintendo%2064%2FStar%20Fox%2064.pdf,2490443,1d926068669f93fa897293bd2a5ad2cb,,,Star Fox 64.pdf
docs/N64/Manuals/Star Soldier - Vanishing Earth.pdf,https://archive.org/download/mister-manuals/1996_Nintendo%2064.zip/1996_Nintendo%2064%2FStar%20Soldier%20-%20Vanishing%20Earth.pdf,3126113,50ee06e67160e55ad929d599f684bc92,,,Star Soldier - Vanishing Earth.pdf
docs/N64/Manuals/Star Wars - Rogue Squadron.pdf,https://archive.org/download/mister-manuals/1996_Nintendo%2064.zip/1996_Nintendo%2064%2FStar%20Wars%20-%20Rogue%20Squadron.pdf,3852918,47c6bd77ceb87fdd92d533754d00666e,,,Star Wars - Rogue Squadron.pdf
docs/N64/Manuals/Star Wars - Shadows of the Empire.pdf,https://archive.org/download/mister-manuals/1996_Nintendo%2064.zip/1996_Nintendo%2064%2FStar%20Wars%20-%20Shadows%20of%20the%20Empire.pdf,3826895,c33a9b0edb848e9ca57d01da05a70a3e,,,Star Wars - Shadows of the Empire.pdf
docs/N64/Manuals/Star Wars Episode I - Battle for Naboo.pdf,https://archive.org/download/mister-manuals/1996_Nintendo%2064.zip/1996_Nintendo%2064%2FStar%20Wars%20Episode%20I%20-%20Battle%20for%20Naboo.pdf,3326343,6ceb1288a2f4152c003c84098c0ac075,,,Star Wars Episode I - Battle for Naboo.pdf
docs/N64/Manuals/Star Wars Episode I - Racer.pdf,https://archive.org/download/mister-manuals/1996_Nintendo%2064.zip/1996_Nintendo%2064%2FStar%20Wars%20Episode%20I%20-%20Racer.pdf,3252111,ce61844eeb44b3e80d81ff39d3e3fa5c,,,Star Wars Episode I - Racer.pdf
docs/N64/Manuals/StarCraft 64.pdf,https://archive.org/download/mister-manuals/1996_Nintendo%2064.zip/1996_Nintendo%2064%2FStarCraft%2064.pdf,4167959,b4ac67aea8ff8394e2bd060ee7d62633,,,StarCraft 64.pdf
docs/N64/Manuals/Starshot - Space Circus Fever.pdf,https://archive.org/download/mister-manuals/1996_Nintendo%2064.zip/1996_Nintendo%2064%2FStarshot%20-%20Space%20Circus%20Fever.pdf,2151440,ba89e0bf7af18452eec7618ef40da107,,,Starshot - Space Circus Fever.pdf
docs/N64/Manuals/Stunt Racer 64.pdf,https://archive.org/download/mister-manuals/1996_Nintendo%2064.zip/1996_Nintendo%2064%2FStunt%20Racer%2064.pdf,2094643,222d045257f35210a4358e0199983ca0,,,Stunt Racer 64.pdf
docs/N64/Manuals/Super Bowling.pdf,https://archive.org/download/mister-manuals/1996_Nintendo%2064.zip/1996_Nintendo%2064%2FSuper%20Bowling.pdf,2777754,b8eec34048a873bcf53ef8795b0d3718,,,Super Bowling.pdf
docs/N64/Manuals/Super Mario 64.pdf,https://archive.org/download/mister-manuals/1996_Nintendo%2064.zip/1996_Nintendo%2064%2FSuper%20Mario%2064.pdf,4505009,b3a3fbf02b2af80bcae8c46335703a37,,,Super Mario 64.pdf
docs/N64/Manuals/Super Smash Bros..pdf,https://archive.org/download/mister-manuals/1996_Nintendo%2064.zip/1996_Nintendo%2064%2FSuper%20Smash%20Bros..pdf,2204754,98d741c307df5f1cc73117ed6b3e2ef0,,,Super Smash Bros..pdf
docs/N64/Manuals/Supercross 2000.pdf,https://archive.org/download/mister-manuals/1996_Nintendo%2064.zip/1996_Nintendo%2064%2FSupercross%202000.pdf,3119327,252aaccc52d11b9218bd042f4c35514c,,,Supercross 2000.pdf
docs/N64/Manuals/Superman.pdf,https://archive.org/download/mister-manuals/1996_Nintendo%2064.zip/1996_Nintendo%2064%2FSuperman.pdf,1192932,7b186009946885aba79381c3f61a4fb9,,,Superman.pdf
docs/N64/Manuals/Tetrisphere.pdf,https://archive.org/download/mister-manuals/1996_Nintendo%2064.zip/1996_Nintendo%2064%2FTetrisphere.pdf,3928145,fb81d44084ec4e095adf9c8d877f3839,,,Tetrisphere.pdf
docs/N64/Manuals/Tigger_s Honey Hunt.pdf,https://archive.org/download/mister-manuals/1996_Nintendo%2064.zip/1996_Nintendo%2064%2FTigger_s%20Honey%20Hunt.pdf,1775655,da0c3c019e4d9d5e41619fb217c44d5c,,,Tigger_s Honey Hunt.pdf
docs/N64/Manuals/Tom Clancy_s Rainbow Six.pdf,https://archive.org/download/mister-manuals/1996_Nintendo%2064.zip/1996_Nintendo%2064%2FTom%20Clancy_s%20Rainbow%20Six.pdf,2412239,90ea7cc8f3698305630a6c8a312e7b59,,,Tom Clancy_s Rainbow Six.pdf
docs/N64/Manuals/Tom and Jerry in Fists of Furry.pdf,https://archive.org/download/mister-manuals/1996_Nintendo%2064.zip/1996_Nintendo%2064%2FTom%20and%20Jerry%20in%20Fists%20of%20Furry.pdf,1382067,135468ac78f0932cf0138e0b8c98636f,,,Tom and Jerry in Fists of Furry.pdf
docs/N64/Manuals/Tonic Trouble.pdf,https://archive.org/download/mister-manuals/1996_Nintendo%2064.zip/1996_Nintendo%2064%2FTonic%20Trouble.pdf,2870807,36bc36d6dff5b0e61ea0d626038bf536,,,Tonic Trouble.pdf
docs/N64/Manuals/Tony Hawk_s Pro Skater .pdf,https://archive.org/download/mister-manuals/1996_Nintendo%2064.zip/1996_Nintendo%2064%2FTony%20Hawk_s%20Pro%20Skater%20.pdf,2072732,c9a0b6388670c21b1bd20e1295561191,,,Tony Hawk_s Pro Skater .pdf
docs/N64/Manuals/Tony Hawk_s Pro Skater 2.pdf,https://archive.org/download/mister-manuals/1996_Nintendo%2064.zip/1996_Nintendo%2064%2FTony%20Hawk_s%20Pro%20Skater%202.pdf,2730590,0af9389b97af8fb279d4260c8905c27a,,,Tony Hawk_s Pro Skater 2.pdf
docs/N64/Manuals/Tony Hawk_s Pro Skater 3.pdf,https://archive.org/download/mister-manuals/1996_Nintendo%2064.zip/1996_Nintendo%2064%2FTony%20Hawk_s%20Pro%20Skater%203.pdf,4530690,739e4295107aaf314bb7ead66fcf09c7,,,Tony Hawk_s Pro Skater 3.pdf
docs/N64/Manuals/Top Gear Hyper-Bike.pdf,https://archive.org/download/mister-manuals/1996_Nintendo%2064.zip/1996_Nintendo%2064%2FTop%20Gear%20Hyper-Bike.pdf,4080298,1373218b857f4829762af87205b6040a,,,Top Gear Hyper-Bike.pdf
docs/N64/Manuals/Top Gear Overdrive.pdf,https://archive.org/download/mister-manuals/1996_Nintendo%2064.zip/1996_Nintendo%2064%2FTop%20Gear%20Overdrive.pdf,2221631,deef935aea8e1c6960b5350d34b9a79b,,,Top Gear Overdrive.pdf
docs/N64/Manuals/Top Gear Rally .pdf,https://archive.org/download/mister-manuals/1996_Nintendo%2064.zip/1996_Nintendo%2064%2FTop%20Gear%20Rally%20.pdf,2571381,54174aaa5af28ddc74c7936629c61e9a,,,Top Gear Rally .pdf
docs/N64/Manuals/Top Gear Rally 2.pdf,https://archive.org/download/mister-manuals/1996_Nintendo%2064.zip/1996_Nintendo%2064%2FTop%20Gear%20Rally%202.pdf,1232454,3b2221c4f18fc6a515364a5dadd46aba,,,Top Gear Rally 2.pdf
docs/N64/Manuals/Toy Story 2.pdf,https://archive.org/download/mister-manuals/1996_Nintendo%2064.zip/1996_Nintendo%2064%2FToy%20Story%202.pdf,2163430,ee1b7c8981832fa2f778213a7d1b44e6,,,Toy Story 2.pdf
docs/N64/Manuals/Transformers - Beast Wars Transmetals.pdf,https://archive.org/download/mister-manuals/1996_Nintendo%2064.zip/1996_Nintendo%2064%2FTransformers%20-%20Beast%20Wars%20Transmetals.pdf,2760462,80063f537027eef8870720051ae1b152,,,Transformers - Beast Wars Transmetals.pdf
docs/N64/Manuals/Turok - Dinosaur Hunter.pdf,https://archive.org/download/mister-manuals/1996_Nintendo%2064.zip/1996_Nintendo%2064%2FTurok%20-%20Dinosaur%20Hunter.pdf,1840054,49eca064a68c30f0704cc12f60eebd81,,,Turok - Dinosaur Hunter.pdf
docs/N64/Manuals/Turok - Rage Wars.pdf,https://archive.org/download/mister-manuals/1996_Nintendo%2064.zip/1996_Nintendo%2064%2FTurok%20-%20Rage%20Wars.pdf,2613495,f2a57a8690d86c15d042de4f58eaa5ea,,,Turok - Rage Wars.pdf
docs/N64/Manuals/Turok 2 - Seeds of Evil.pdf,https://archive.org/download/mister-manuals/1996_Nintendo%2064.zip/1996_Nintendo%2064%2FTurok%202%20-%20Seeds%20of%20Evil.pdf,4228842,1a13ec7fc9c0fa8ca82a52335cab8350,,,Turok 2 - Seeds of Evil.pdf
docs/N64/Manuals/Turok 3 - Shadow Of Oblivion.pdf,https://archive.org/download/mister-manuals/1996_Nintendo%2064.zip/1996_Nintendo%2064%2FTurok%203%20-%20Shadow%20Of%20Oblivion.pdf,3837416,d51e7cc43230074558b9bc34f27e43a4,,,Turok 3 - Shadow Of Oblivion.pdf
docs/N64/Manuals/Twisted Edge - Extreme Snowboarding.pdf,https://archive.org/download/mister-manuals/1996_Nintendo%2064.zip/1996_Nintendo%2064%2FTwisted%20Edge%20-%20Extreme%20Snowboarding.pdf,574936,1c6b78adc0c33a91dee235cb820c2cb5,,,Twisted Edge - Extreme Snowboarding.pdf
docs/N64/Manuals/V-Rally - Edition 99.pdf,https://archive.org/download/mister-manuals/1996_Nintendo%2064.zip/1996_Nintendo%2064%2FV-Rally%20-%20Edition%2099.pdf,1628529,7b99f072f9452c9613d5048d06ca0e6e,,,V-Rally - Edition 99.pdf
docs/N64/Manuals/Vigilante 8 - 2nd Offense.pdf,https://archive.org/download/mister-manuals/1996_Nintendo%2064.zip/1996_Nintendo%2064%2FVigilante%208%20-%202nd%20Offense.pdf,2542520,88ddc5a19981812b195c30198607255b,,,Vigilante 8 - 2nd Offense.pdf
docs/N64/Manuals/Vigilante 8.pdf,https://archive.org/download/mister-manuals/1996_Nintendo%2064.zip/1996_Nintendo%2064%2FVigilante%208.pdf,2371978,22fcc56aaffdb6d831412faf0151c03a,,,Vigilante 8.pdf
docs/N64/Manuals/Virtual Chess 64.pdf,https://archive.org/download/mister-manuals/1996_Nintendo%2064.zip/1996_Nintendo%2064%2FVirtual%20Chess%2064.pdf,1510323,75d24d49048b184689131101011c8948,,,Virtual Chess 64.pdf
docs/N64/Manuals/Virtual Pool 64.pdf,https://archive.org/download/mister-manuals/1996_Nintendo%2064.zip/1996_Nintendo%2064%2FVirtual%20Pool%2064.pdf,2522258,3503d708f087e89c6a6d1e9538e9cfc9,,,Virtual Pool 64.pdf
docs/N64/Manuals/WCW Backstage Assault.pdf,https://archive.org/download/mister-manuals/1996_Nintendo%2064.zip/1996_Nintendo%2064%2FWCW%20Backstage%20Assault.pdf,2768978,53081b27c96c56aae7c6da6c7859e1ff,,,WCW Backstage Assault.pdf
docs/N64/Manuals/WCW Mayhem.pdf,https://archive.org/download/mister-manuals/1996_Nintendo%2064.zip/1996_Nintendo%2064%2FWCW%20Mayhem.pdf,1377645,016f8261774c076b03b28ddacea97c10,,,WCW Mayhem.pdf
docs/N64/Manuals/WCW vs. nWo - World Tour.pdf,https://archive.org/download/mister-manuals/1996_Nintendo%2064.zip/1996_Nintendo%2064%2FWCW%20vs.%20nWo%20-%20World%20Tour.pdf,2363450,c468543257b6c118c3aa49a09c2f0e0c,,,WCW vs. nWo - World Tour.pdf
docs/N64/Manuals/WCW-nWo Revenge.pdf,https://archive.org/download/mister-manuals/1996_Nintendo%2064.zip/1996_Nintendo%2064%2FWCW-nWo%20Revenge.pdf,1929985,b63e98d0e8cb9c676292a01ae1c041ba,,,WCW-nWo Revenge.pdf
docs/N64/Manuals/WWF Attitude.pdf,https://archive.org/download/mister-manuals/1996_Nintendo%2064.zip/1996_Nintendo%2064%2FWWF%20Attitude.pdf,2753001,c364c338dadccddd24f6bd9770c21f0e,,,WWF Attitude.pdf
docs/N64/Manuals/WWF No Mercy.pdf,https://archive.org/download/mister-manuals/1996_Nintendo%2064.zip/1996_Nintendo%2064%2FWWF%20No%20Mercy.pdf,3484199,a2c7749984e9bc701e2acb665665718e,,,WWF No Mercy.pdf
docs/N64/Manuals/WWF War Zone.pdf,https://archive.org/download/mister-manuals/1996_Nintendo%2064.zip/1996_Nintendo%2064%2FWWF%20War%20Zone.pdf,1992767,3560c61b3f325251c75c2e4b065042bc,,,WWF War Zone.pdf
docs/N64/Manuals/WWF WrestleMania 2000.pdf,https://archive.org/download/mister-manuals/1996_Nintendo%2064.zip/1996_Nintendo%2064%2FWWF%20WrestleMania%202000.pdf,2949649,f62d7db240eaf1fe1b41066c834d9297,,,WWF WrestleMania 2000.pdf
docs/N64/Manuals/Waialae Country Club - True Golf Classics.pdf,https://archive.org/download/mister-manuals/1996_Nintendo%2064.zip/1996_Nintendo%2064%2FWaialae%20Country%20Club%20-%20True%20Golf%20Classics.pdf,4028077,df9eceac9cc40fd78c2e9245b01741b0,,,Waialae Country Club - True Golf Classics.pdf
docs/N64/Manuals/War Gods.pdf,https://archive.org/download/mister-manuals/1996_Nintendo%2064.zip/1996_Nintendo%2064%2FWar%20Gods.pdf,1759831,879efd6a2e0794c8f5dcdf38f1fc4d30,,,War Gods.pdf
docs/N64/Manuals/Wave Race 64.pdf,https://archive.org/download/mister-manuals/1996_Nintendo%2064.zip/1996_Nintendo%2064%2FWave%20Race%2064.pdf,1560958,eeb11f30271172c537c9c75c38ec8105,,,Wave Race 64.pdf
docs/N64/Manuals/Wayne Gretzky_s 3D Hockey .pdf,https://archive.org/download/mister-manuals/1996_Nintendo%2064.zip/1996_Nintendo%2064%2FWayne%20Gretzky_s%203D%20Hockey%20.pdf,4637016,8f32407001cbeb1813793c67898213a0,,,Wayne Gretzky_s 3D Hockey .pdf
docs/N64/Manuals/Wayne Gretzky_s 3D Hockey _98.pdf,https://archive.org/download/mister-manuals/1996_Nintendo%2064.zip/1996_Nintendo%2064%2FWayne%20Gretzky_s%203D%20Hockey%20_98.pdf,3383936,73b9cc49905cee5ec519f5b640355e75,,,Wayne Gretzky_s 3D Hockey _98.pdf
docs/N64/Manuals/Wetrix.pdf,https://archive.org/download/mister-manuals/1996_Nintendo%2064.zip/1996_Nintendo%2064%2FWetrix.pdf,930364,94667ceae9ffcfedf9ca04022b3182e6,,,Wetrix.pdf
docs/N64/Manuals/Wheel of Fortune.pdf,https://archive.org/download/mister-manuals/1996_Nintendo%2064.zip/1996_Nintendo%2064%2FWheel%20of%20Fortune.pdf,1540963,cc00150228aae2d0a7a7d52eddc02e12,,,Wheel of Fortune.pdf
docs/N64/Manuals/WinBack - Covert Operations.pdf,https://archive.org/download/mister-manuals/1996_Nintendo%2064.zip/1996_Nintendo%2064%2FWinBack%20-%20Covert%20Operations.pdf,3145601,2d314d685163a9ee07a60f7e1a52a029,,,WinBack - Covert Operations.pdf
docs/N64/Manuals/Wipeout 64.pdf,https://archive.org/download/mister-manuals/1996_Nintendo%2064.zip/1996_Nintendo%2064%2FWipeout%2064.pdf,2642678,cb033cbe8b29b5b6cdf564227899111c,,,Wipeout 64.pdf
docs/N64/Manuals/World Cup 98.pdf,https://archive.org/download/mister-manuals/1996_Nintendo%2064.zip/1996_Nintendo%2064%2FWorld%20Cup%2098.pdf,2487482,4d982404b7b6eee2456ca7d5b9f49676,,,World Cup 98.pdf
docs/N64/Manuals/World Driver Championship.pdf,https://archive.org/download/mister-manuals/1996_Nintendo%2064.zip/1996_Nintendo%2064%2FWorld%20Driver%20Championship.pdf,4246139,1a85452778d3b78a8f763aa098e7d03d,,,World Driver Championship.pdf
docs/N64/Manuals/Worms Armageddon.pdf,https://archive.org/download/mister-manuals/1996_Nintendo%2064.zip/1996_Nintendo%2064%2FWorms%20Armageddon.pdf,2651324,2eff73c7b86fd33fa09e583f87a17a02,,,Worms Armageddon.pdf
docs/N64/Manuals/Xena Warrior Princess - The Talisman of Fate.pdf,https://archive.org/download/mister-manuals/1996_Nintendo%2064.zip/1996_Nintendo%2064%2FXena%20Warrior%20Princess%20-%20The%20Talisman%20of%20Fate.pdf,1964229,682d962c611672619eb427d2c76ceb8b,,,Xena Warrior Princess - The Talisman of Fate.pdf
docs/N64/Manuals/Yoshi_s Story.pdf,https://archive.org/download/mister-manuals/1996_Nintendo%2064.zip/1996_Nintendo%2064%2FYoshi_s%20Story.pdf,2655261,e5c8c7f29d307666fb48e43aa2aff90f,,,Yoshi_s Story.pdf
